{"cameraMode":{"drawMode":0,"name":"Shaded","section":"Shading Mode"},"sceneLighting":false,"audioPlay":false,"sceneViewState":{"m_AlwaysRefresh":false,"showFog":true,"showSkybox":false,"showFlares":true,"showImageEffects":true,"showParticleSystems":true,"showVisualEffectGraphs":true,"m_FxEnabled":true},"in2DMode":false,"pivot":{"x":19.96888542175293,"y":4.28315544128418,"z":0.27212104201316836},"rotation":{"x":-0.7204872369766235,"y":0.0007126105483621359,"z":-0.0017576382961124182,"w":-0.6937451958656311},"size":0.5028913021087647,"orthographic":false}