{"cameraMode":{"drawMode":0,"name":"Shaded","section":"Shading Mode"},"sceneLighting":false,"audioPlay":false,"sceneViewState":{"m_AlwaysRefresh":false,"showFog":true,"showSkybox":false,"showFlares":true,"showImageEffects":true,"showParticleSystems":true,"showVisualEffectGraphs":true,"m_FxEnabled":true},"in2DMode":false,"pivot":{"x":0.8771826028823853,"y":7.120624542236328,"z":-2.5040249824523927},"rotation":{"x":-0.6054747104644775,"y":0.014928802847862244,"z":-0.011083037592470646,"w":-0.7957926392555237},"size":24.146116256713868,"orthographic":false}