{"cameraMode":{"drawMode":0,"name":"Shaded","section":"Shading Mode"},"sceneLighting":false,"audioPlay":false,"sceneViewState":{"m_AlwaysRefresh":false,"showFog":true,"showSkybox":false,"showFlares":true,"showImageEffects":true,"showParticleSystems":true,"showVisualEffectGraphs":true,"m_FxEnabled":true},"in2DMode":false,"pivot":{"x":0.2152387648820877,"y":0.9945610165596008,"z":-0.5441779494285584},"rotation":{"x":0.07255512475967407,"y":-0.09078516811132431,"z":0.006549003534018993,"w":0.9933540225028992},"size":2.1928203105926515,"orthographic":false}