{"cameraMode":{"drawMode":0,"name":"Shaded","section":"Shading Mode"},"sceneLighting":true,"audioPlay":false,"sceneViewState":{"m_AlwaysRefresh":false,"showFog":true,"showSkybox":false,"showFlares":true,"showImageEffects":true,"showParticleSystems":true,"showVisualEffectGraphs":true,"m_FxEnabled":true},"in2DMode":false,"pivot":{"x":-0.2439066767692566,"y":-17.032569885253908,"z":27.227285385131837},"rotation":{"x":-0.2871339023113251,"y":-0.028250442817807199,"z":0.008266185410320759,"w":-0.9576119184494019},"size":23.495267868041993,"orthographic":false}