{"cameraMode":{"drawMode":0,"name":"Shaded","section":"Shading Mode"},"sceneLighting":false,"audioPlay":false,"sceneViewState":{"m_AlwaysRefresh":false,"showFog":true,"showSkybox":false,"showFlares":true,"showImageEffects":true,"showParticleSystems":true,"showVisualEffectGraphs":true,"m_FxEnabled":true},"in2DMode":false,"pivot":{"x":20.05935287475586,"y":-2.760706901550293,"z":1.1535550355911255},"rotation":{"x":0.6653603911399841,"y":0.010087083093822003,"z":-0.007318609394133091,"w":0.7467519044876099},"size":5.066025733947754,"orthographic":true}