{"cameraMode":{"drawMode":0,"name":"Shaded","section":"Shading Mode"},"sceneLighting":false,"audioPlay":false,"sceneViewState":{"m_AlwaysRefresh":false,"showFog":true,"showSkybox":false,"showFlares":true,"showImageEffects":true,"showParticleSystems":true,"showVisualEffectGraphs":true,"m_FxEnabled":true},"in2DMode":false,"pivot":{"x":0.4936178922653198,"y":0.03133583068847656,"z":0.12456130981445313},"rotation":{"x":-0.33002716302871706,"y":-0.013691742904484272,"z":0.0045783198438584808,"w":-0.9440374374389648},"size":10.082839965820313,"orthographic":false}