{"cameraMode":{"drawMode":0,"name":"Shaded","section":"Shading Mode"},"sceneLighting":false,"audioPlay":false,"sceneViewState":{"m_AlwaysRefresh":false,"showFog":true,"showSkybox":false,"showFlares":true,"showImageEffects":true,"showParticleSystems":true,"showVisualEffectGraphs":true,"m_FxEnabled":true},"in2DMode":false,"pivot":{"x":-0.08557999134063721,"y":2.0862576961517336,"z":-0.09091019630432129},"rotation":{"x":-0.42953482270240786,"y":-0.41308632493019106,"z":0.23102277517318726,"w":-0.7692565321922302},"size":2.9857468605041506,"orthographic":false}