{"cameraMode":{"drawMode":0,"name":"Shaded","section":"Shading Mode"},"sceneLighting":false,"audioPlay":false,"sceneViewState":{"m_AlwaysRefresh":false,"showFog":true,"showSkybox":false,"showFlares":true,"showImageEffects":true,"showParticleSystems":true,"showVisualEffectGraphs":true,"m_FxEnabled":true},"in2DMode":false,"pivot":{"x":-25.893699645996095,"y":1.8554693460464478,"z":41.820594787597659},"rotation":{"x":0.09959953278303147,"y":0.8775687217712402,"z":-0.42101386189460757,"w":0.20771098136901856},"size":2.0164597034454347,"orthographic":false}