{"cameraMode":{"drawMode":0,"name":"Shaded","section":"Shading Mode"},"sceneLighting":false,"audioPlay":false,"sceneViewState":{"m_AlwaysRefresh":false,"showFog":true,"showSkybox":false,"showFlares":true,"showImageEffects":true,"showParticleSystems":true,"showVisualEffectGraphs":true,"m_FxEnabled":true},"in2DMode":false,"pivot":{"x":2.046557664871216,"y":1.0753610134124756,"z":-0.06415104866027832},"rotation":{"x":-0.42953482270240786,"y":-0.41308632493019106,"z":0.23102277517318726,"w":-0.7692565321922302},"size":1.0224027633666993,"orthographic":false}